Date,Market_Returns,Asset_Returns
2015-01-02,0.0,0.0
2015-01-05,-0.018278224192733825,-0.016890224873978163
2015-01-06,-0.008894265373722433,-0.03031901325209966
2015-01-07,0.01162904902096703,-0.0026064789823771264
2015-01-08,0.017887566343832657,0.03761707847844615
2015-01-09,-0.00840440627279737,0.004027564182436329
2015-01-12,-0.008094201033939095,-0.012538096643626371
2015-01-13,-0.002579467934710049,-0.0015247114371805413
2015-01-14,-0.005814059390892137,0.004068146347253884
2015-01-15,-0.009248788620252428,-0.007093061768324986
2015-01-16,0.013423485110136866,0.01836687451768388
2015-01-20,0.0015496349095060309,0.0030053084005147554
2015-01-21,0.004730830317989453,0.01398543413023131
2015-01-22,0.015269126678498559,0.01724099812591251
2015-01-23,-0.00549203831233369,0.002904499404170926
2015-01-26,0.0025682624443362414,-0.00434524919357541
2015-01-27,-0.013388576696094548,-0.048012800892558154
2015-01-28,-0.013496204604430238,-0.016302277811652055
2015-01-29,0.009534288461711931,0.02433959292105185
2015-01-30,-0.01299216366470383,-0.02932283357719771
2015-02-02,0.012962265297975803,0.021874906461058902
2015-02-03,0.014438900055217642,0.024973837352736616
2015-02-04,-0.004156244621525454,0.0024863429821360885
2015-02-05,0.010291089226444877,0.016368351680570308
2015-02-06,-0.0034187675522238097,-0.0043926009224956025
2015-02-09,-0.0042473134086078316,-0.0009806083988946762
2015-02-10,0.010675362606538416,0.0279684019572007
2015-02-11,-2.9232001369431187e-05,-0.006682787236439594
2015-02-12,0.009644188971443295,0.07159949334793707
2015-02-13,0.004074540079036812,0.00044874996581397396
2015-02-17,0.0015972570020403138,0.003137238160022243
2015-02-18,-0.0003148250907604158,-0.011618683915469939
2015-02-19,-0.0010625732062161644,0.002712625091091605
2015-02-20,0.006126136801347808,0.0072131287253324565
2015-02-23,-0.0003039344334279087,-0.008057858133903915
2015-02-24,0.0027580566071831536,0.01064490734834229
2015-02-25,-0.0007663188855900876,-0.007620875303219974
2015-02-26,-0.0014765441005072358,0.0027096075069659186
2015-02-27,-0.0029566220090903764,-0.006306512950052873
2015-03-02,0.006124720845146333,0.024478800006666763
2015-03-03,-0.004539058025765817,-0.018584799751733213
2015-03-04,-0.004388900308403516,0.01127074695443368
2015-03-05,0.0011959609372186447,0.01917065348346604
2015-03-06,-0.01417414500257578,-0.013560835376458172
2015-03-09,0.003944222778503667,0.00266064944544849
2015-03-10,-0.016961726911230397,0.017248012275640583
2015-03-11,-0.0019181954478968402,-0.005217341218265224
2015-03-12,0.012600725280524869,-0.00917914322093998
2015-03-13,-0.006075623666609147,0.0013223597779871545
2015-03-16,0.013532480695623187,0.011893285940336232
2015-03-17,-0.0033220784625043365,0.012187798853370051
2015-03-18,0.012156913466109726,-0.01634553291698268
2015-03-19,-0.0048729762341757805,0.015303493553331975
2015-03-20,0.009012635622178368,0.010766415013843468
2015-03-23,-0.0017458500901552526,-0.03238197236064265
2015-03-24,-0.006140017195030765,-0.013650581383876979
2015-03-25,-0.014559619938026394,-0.06071524805957911
2015-03-26,-0.0023786111078879344,-0.0033284597704483607
2015-03-27,0.0023673708733509304,0.019550774764157678
2015-03-30,0.01223573248898206,0.004208777954630856
2015-03-31,-0.008796767114386097,-0.0251529071235615
2015-04-01,-0.003966680794925492,0.003821446576156651
2015-04-02,0.0035292701332642444,0.002379624090446935
2015-04-06,0.006608696076115707,0.02896446847549851
2015-04-07,-0.002062499295944818,0.00876759687432327
2015-04-08,0.002681818842083802,0.007318394512907119
2015-04-09,0.004456687367609145,0.023159662910688793
2015-04-10,0.005202269799260419,0.010208488420083485
2015-04-13,-0.004581479006345238,-0.009227127151291628
2015-04-14,0.0016293620489397469,-0.008426195663842024
2015-04-15,0.005147600458820902,0.012074745133438427
2015-04-16,-0.0007788404388126731,-0.006186874082378242
2015-04-17,-0.011311761391632922,-0.012895369556663148
2015-04-20,0.009234615799598169,-0.004955312131403209
2015-04-21,-0.0014813989763521676,-0.0013589221320368453
2015-04-22,0.00508668670543163,0.011332111286723366
2015-04-23,0.002356922242895264,-0.004035111741479559
2015-04-24,0.0022522053372446855,-0.008551196425093941
2015-04-27,-0.004141830122942778,0.007715943811767103
2015-04-28,0.0027687158223299612,0.004954726060750094
2015-04-29,-0.003740454628418087,-0.007620399112758123
2015-04-30,-0.010129105027533206,0.0027099249672984573
2015-05-01,0.01092288261154496,0.02477497643276351
2015-05-04,0.0029406296430257843,-0.006154072588483648
2015-05-05,-0.011837701137944873,-0.02565260272192767
2015-05-06,-0.004456121638402661,0.003176638695970995
2015-05-07,0.0037736150261381187,0.017647264650469136
2015-05-08,0.013457782128744834,-0.07381076965015164
2015-05-11,-0.005089758941129544,-0.009601717043133654
2015-05-12,-0.002950153557883304,0.009694085654595288
2015-05-13,-0.0003053516078744441,0.005760253109681129
2015-05-14,0.010778889800185192,0.01622906073811074
2015-05-15,0.0007680170812924096,0.00046932379598622545
2015-05-18,0.0030476305889507835,-0.0014090499761573898
2015-05-19,-0.0006437713690145737,-0.006234613299655873
2015-05-20,-0.0009310321248198175,-5.158730265167025e-07
2015-05-21,0.002337358612387377,-0.0071303110751358405
2015-05-22,-0.0022342831287443694,-0.001435935651586246
2015-05-26,-0.010282377023225837,-0.0062334307840862975
2015-05-27,0.009162125389339028,0.053545542564220616
2015-05-28,-0.0012668799452934959,0.013736472978865944
2015-05-29,-0.006318588220692299,-0.0004518379481305163
2015-06-01,0.0020591438220386835,0.011296868556621192
2015-06-02,-0.0010089930153360412,-0.01966133978583658
2015-06-03,0.0021184742858199428,-0.01093935778681528
2015-06-04,-0.008623365989583834,0.017972241017886487
2015-06-05,-0.0014365797589124991,0.007695539246002008
2015-06-08,-0.00647490661467039,-0.022911326699066443
2015-06-09,0.0004178371311953663,0.00505669713904955
2015-06-10,0.012041908954097959,-0.017841520392662066
2015-06-11,0.0017383089575346118,0.010712409064287536
2015-06-12,-0.00699449829445912,-0.027188842878988522
2015-06-15,-0.00462269154127347,-0.00189468931467006
2015-06-16,0.005689539148347061,0.012339166879677215
2015-06-17,0.001979522255071932,0.011720085538838089
2015-06-18,0.009902591531288153,0.016682166796795475
2015-06-19,-0.005303620797441942,-0.003190415536801426
2015-06-22,0.006094747506910982,-0.004115555254474921
2015-06-23,0.0006355510435788576,-0.0257118768720009
2015-06-24,-0.0073534953743373075,-0.009896525587755703
2015-06-25,-0.002973772713379544,0.0076155599305328305
2015-06-26,-0.0003902780567610984,-0.0203122421113258
2015-06-29,-0.02086639233225644,-0.02989419863611135
2015-06-30,0.002658093060758187,-0.0004973449569008644
2015-07-01,0.006935921060780572,0.01442056221633571
2015-07-02,-0.0003081417884184129,0.0009804975121755616
2015-07-06,-0.0038619552757765217,-0.01224330475503447
2015-07-07,0.006080578283186904,-0.018840236611769774
2015-07-08,-0.016653145879395,-0.007074616193557166
2015-07-09,0.002261885112276579,-0.01221384519904008
2015-07-10,0.012338167639819025,0.017516371329515595
2015-07-13,0.011065731779271875,0.006581782988785905
2015-07-14,0.004452762386245739,0.0005026125304127653
2015-07-15,-0.0007355019390845577,-0.007039044484406063
2015-07-16,0.008014283587174303,0.022278191239953376
2015-07-17,0.0011056671210161204,-0.005944130101921517
2015-07-20,0.0007703211736077977,-0.018436554698352106
2015-07-21,-0.004262879837770846,0.004567257791800786
2015-07-22,-0.0023889003713700695,-0.019202536408557732
2015-07-23,-0.0056772307544321575,0.012363351944373328
2015-07-24,-0.010704518518999447,-0.011705883874655428
2015-07-27,-0.005776126296196377,-0.005665719032607691
2015-07-28,0.012384448277469127,0.021748817676217978
2015-07-29,0.0073170096322933585,0.01216246979590634
2015-07-30,2.598635403906046e-05,0.0025014544461237145
2015-07-31,-0.002273821573230423,-0.0034988670047934106
2015-08-03,-0.0027593867337368824,0.017040365313680025
2015-08-04,-0.0022526809699341768,0.003939540484406664
2015-08-05,0.003111702558155035,0.010306002479529805
2015-08-06,-0.007754096393576587,-0.006317516771612503
2015-08-10,0.012805587101460026,0.034809353356894904
2015-08-11,-0.009560991386942073,-0.005049956503214901
2015-08-12,0.0009464832257871429,0.002532414439695297
2015-08-13,-0.0012785057442104913,-0.008435058293660959
2015-08-14,0.003908789505683158,0.0008472555267438895
2015-08-17,0.005209043232808026,-0.006374455153841711
2015-08-18,-0.0026289032023060458,-0.009105149076449017
2015-08-19,-0.008256463547682905,-0.003901286320423261
2015-08-20,-0.021100765311559688,-0.03610274780829292
2015-08-25,-0.01352409815355078,-0.02076520862407667
2015-08-27,0.024295764494111634,0.03759612387165611
2015-08-28,0.0006067522346847548,0.004416645971978656
2015-08-31,-0.008391789416837258,-0.010999176949241006
2015-09-02,0.01829198294092454,0.03014721473846965
2015-09-03,0.0011641983070225254,0.0027012267227244386
2015-09-04,-0.015330587787439067,-0.02335130220278964
2015-09-08,0.025082061522973483,0.04275771538615941
2015-09-09,-0.013898949397967672,-0.019842373028171843
2015-09-10,0.005277359795712313,0.015743552598749266
2015-09-11,0.004486130512558235,0.0030997611519793366
2015-09-14,-0.004090647774253556,0.001764726179083906
2015-09-15,0.01282900983528245,0.011015714661977698
2015-09-16,0.008703311175115512,0.006972554401028551
2015-09-17,-0.0025611783676320206,0.009091124860195822
2015-09-18,-0.01616456256966788,-0.000858784613036196
2015-09-21,0.00456526773217192,0.010304355159756586
2015-09-22,-0.012318548321905697,-0.027199315470283855
2015-09-23,-0.0020487619379483276,0.004805445445808089
2015-09-24,-0.0033631827420634117,0.01913012754584494
2015-09-25,-0.00046658693660543016,0.0072521630056404315
2015-09-29,0.0012327342048940166,0.017596865402794606
2015-09-30,0.019075357494167628,0.039645300969189355
2015-10-01,0.0019731699423539218,-0.019473163625476846
2015-10-02,0.014314971824209415,0.026064684974715185
2015-10-05,0.01828952334017579,0.024999892622143454
2015-10-06,-0.0035884345957823225,0.012981822919576688
2015-10-07,0.008035435227173501,0.010485158906684852
2015-10-08,0.008818316412202999,0.00576449786231227
2015-10-09,0.0007249922790978486,-0.0038216072975977163
2015-10-12,0.0012750803819924598,0.010740253421925566
2015-10-13,-0.0068256223605630915,0.0018971209804764157
2015-10-14,-0.00471667102360181,0.036363403328387424
2015-10-15,0.014852575206446192,0.0025582259635075957
2015-10-16,0.004570275862676073,0.015676216584335895
2015-10-19,0.00027034712202274845,-0.0017949478597221544
2015-10-20,-0.0014214871747408493,-0.0014388484462996738
2015-10-21,-0.0058256134085932585,-0.012963411200900313
2015-10-22,0.01662737315141734,0.03611770159615254
2015-10-23,0.011030225491703306,0.006690148648555007
2015-10-26,-0.0019134181470063687,-0.00454739787589949
2015-10-27,-0.0025545153651082737,-0.0007031099683549487
2015-10-28,0.011838644389742229,0.008086055373715631
2015-10-29,-0.0004518773764831794,-0.03453336198020236
2015-10-30,-0.004812575416517473,0.02492491499576721
2015-11-02,0.011871713831972762,0.011630097759554857
2015-11-03,0.0027257657596283453,-0.0069710971871425114
2015-11-04,-0.003547549770655355,-0.016493413145396152
2015-11-05,-0.0011337356939336715,-0.011417657006806484
2015-11-09,-0.009825705576313052,-0.0044403589390829366
2015-11-10,0.0015056346368400753,-0.019107111816125105
2015-11-11,-0.0032329667650639595,-0.009742075146757232
2015-11-12,-0.013995256517274788,-0.0036102358266357206
2015-11-13,-0.011211848833605436,-0.01974128007016824
2015-11-16,0.014899376376156272,0.020130291259547607
2015-11-17,-0.0013447363912054472,-5.357143070016589e-06
2015-11-18,0.016157570846009717,0.024594919436624563
2015-11-19,-0.0011266012327308713,0.0028968220939341828
2015-11-20,0.0038065052137116464,0.008672246482138183
2015-11-23,-0.0012390274394026304,-0.014977251187932363
2015-11-24,0.0012159245458821329,0.008079416481425164
2015-11-25,-0.00013607672100306113,-0.001290340420725441
2015-11-27,0.0005872684745533148,0.008345895350651833
2015-11-30,-0.004647743306580182,0.010506323738024464
2015-12-01,0.010672517813313721,0.032463479028382126
2015-12-02,-0.011003629680620984,-0.007641697366601494
2015-12-03,-0.014381383809076583,-0.002161551092059596
2015-12-04,0.020517534136821437,0.04069496184166642
2015-12-07,-0.006998828361589142,-0.0189723300024006
2015-12-08,-0.006500536573277669,0.013580453299343188
2015-12-09,-0.007748707240391426,-0.025337528901296456
2015-12-10,0.0022422601688685357,0.008245455711064508
2015-12-11,-0.019431219678416392,-0.014866071340385383
2015-12-14,0.004747702874619034,0.002454500635801019
2015-12-15,0.010608640447811213,0.012271176738619027
2015-12-16,0.014505644033498874,0.006056725527889069
2015-12-17,-0.015048973290877137,-0.015082141924267782
2015-12-18,-0.01780416445109005,-0.016229867113847815
2015-12-21,0.007772331107570899,0.023640536881901132
2015-12-22,0.008809077322837661,0.0009042367807082952
2015-12-23,0.012410528618307578,0.003940234346803325
2015-12-24,-0.0016058981261947054,0.0033198279788174793
2015-12-28,-0.002186099624827102,-0.0009116444195695057
2015-12-29,0.010621231162591166,0.016285755248224173
2015-12-30,-0.007224966690920227,-0.008618097242709361
2015-12-31,-0.009417786111375365,-0.012884101012740873
2016-01-04,-0.015309881883292473,-0.01790651160505936
2016-01-05,0.0020040910336634908,0.016055844526428154
2016-01-06,-0.013123531623210906,-0.04135779740988489
2016-01-07,-0.023707982696856728,-0.03965251807246098
2016-01-08,-0.01084591407266358,-0.02147364818528011
2016-01-11,0.0008463276812074738,0.0016801437993082123
2016-01-12,0.007794465183683205,0.016838084527678317
2016-01-13,-0.02497398405039331,-0.03049201468671148
2016-01-14,0.016686381577351278,-0.02017351094864825
2016-01-15,-0.021607947208393163,-0.05442129120436862
2016-01-19,0.0005226945701000227,0.008105938263909717
2016-01-20,-0.011703894834603126,0.005478416078776392
2016-01-21,0.005184605027722433,0.011633847769553661
2016-01-22,0.02027227245355813,0.02336990890096015
2016-01-25,-0.015648894752028186,-0.001065270641366024
2016-01-26,0.014132430827848616,0.009840301825595551
2016-01-27,-0.010875388558017321,-0.011858764926994595
2016-01-28,0.00551595815861321,-0.010943375306820945
2016-01-29,0.024748312652963587,0.04419502444624331
2016-02-01,-0.00045494293585615056,0.00032969480367215384
2016-02-02,-0.01875618606889052,-0.04233405751791009
2016-02-03,0.0049788246487348295,0.004976263591195233
2016-02-04,0.0015155024053867877,0.000343020538121192
2016-02-05,-0.01849227805678755,-0.06310896443372194
2016-02-08,-0.01416425311631248,-0.0457915518216992
2016-02-09,-0.0006755251156851739,0.010693789135412487
2016-02-10,-0.00020077567454589572,-0.0023657967200060204
2016-02-11,-0.012311995125913756,-0.005122530446625595
2016-02-12,0.01950733527971509,0.016985007458816526
2016-02-16,0.01650582078875339,0.04895938188857184
2016-02-17,0.01646881222585761,0.02481212128054633
2016-02-19,-3.726310136630777e-05,0.013304196845649546
2016-02-22,0.014442570201525397,0.03546834301516544
2016-02-23,-0.01246699091494614,0.0025255155455605085
2016-02-24,0.004427286813067467,0.006949505895047938
2016-02-25,0.011335973772555666,0.0021874933399493686
2016-02-26,-0.0018821382919259426,-0.006597152938746502
2016-02-29,-0.008133198564058336,-0.006506926761209537
2016-03-01,0.023856093389480137,0.04431122438733881
2016-03-02,0.004082284925357689,0.005789786079200683
2016-03-03,0.003488304166191918,-0.008814259649969985
2016-03-04,0.0032953764419904647,-0.0030734043703969888
2016-03-07,0.0008744983225691987,-0.006462327991803404
2016-03-08,-0.011252211824392094,-0.018255636086925292
2016-03-09,0.005040964722850109,-0.0006413401257741999
2016-03-10,0.000143781123803884,-0.0015878719919450817
2016-03-11,0.016383278312032484,0.017033277716695633
2016-03-14,-0.0012731951434431239,0.0024708959730616316
2016-03-15,-0.0018498385128442518,-0.00496660597370057
2016-03-16,0.005588446783254839,0.029857334167151826
2016-03-17,0.0065843237879716346,-0.008469997211485393
2016-03-18,0.004394532577809481,0.030153400138959903
2016-03-21,0.000974148695748093,0.0029461584975360037
2016-03-22,-0.0008890941155228702,-0.0017809251989478133
2016-03-23,-0.006397658587129706,0.017122739158137223
2016-03-24,-0.00038898299143436235,0.0014411453531374952
2016-03-28,0.0005351364384015709,0.01014089045289028
2016-03-29,0.00880772320809643,0.016069055373462496
2016-03-30,0.004342973990703568,0.010447634756360312
2016-03-31,-0.002047417947872426,-0.0036430173808466968
2016-04-01,0.006322264333867227,0.014585840017141298
2016-04-04,-0.0032155842497497596,-0.009689060364599256
2016-04-05,-0.010153143180657027,-0.0014053450751739314
2016-04-06,0.010498889111256519,0.0013899176063840758
2016-04-07,-0.011984516684887866,-0.010343968736376882
2016-04-08,0.002777927121845374,0.006483059532401296
2016-04-11,-0.0027481191400919895,0.006160879879144818
2016-04-12,0.009653006798491248,-0.0011239370212998603
2016-04-13,0.010031287895497723,0.0251028461875195
2016-04-14,0.00016439563417469145,0.002713255134402787
2016-04-15,-0.0009926181827877327,0.007863621555982633
2016-04-18,0.0065331681462086596,-0.004316974152671157
2016-04-19,0.003075953421660999,-0.017861092536262117
2016-04-20,0.0007528940839565613,0.003846977166006176
2016-04-21,-0.005202955579482237,-0.001105971649178016
2016-04-22,3.8931153588784835e-05,-0.0038539659324080423
2016-04-25,-0.0018214903243003952,0.0049529213014941125
2016-04-26,0.0018630293647791364,0.0008133772277384678
2016-04-27,0.0016396305778993115,0.02274252192766815
2016-04-28,-0.009239101846755807,-0.029758938564398266
2016-04-29,-0.005070747100127099,-0.018516061963126256
2016-05-02,0.007802605193606947,0.013221123646196174
2016-05-03,-0.008684693754184424,-0.011952583881623534
2016-05-04,-0.005944746457029112,-0.02277998127578171
2016-05-05,-0.00024627003049581045,0.006034211993415039
2016-05-06,0.00316749622307695,0.010287375457366644
2016-05-09,0.0007454414886631019,-0.0014232615702627009
2016-05-10,0.012474000577896008,0.01926484962308779
2016-05-11,-0.00957135934822676,0.0027708477223563296
2016-05-12,-0.00017970300186322233,-0.013598560163483058
2016-05-16,0.009786414370264269,0.029516201274235473
2016-05-17,-0.009421932376233476,0.0021224817090111725
2016-05-18,0.00019446444653863486,0.025533465583492943
2016-05-19,-0.0037182155944028047,0.004370624127440462
2016-05-20,0.006007678662458447,0.017898566649254943
2016-05-23,-0.0020978796051543598,0.0015663464359801174
2016-05-24,0.013667771575382858,0.02426112154715605
2016-05-25,0.00696224064346417,-0.004201162218015929
2016-05-26,-0.00022135660215244607,0.010615435921291492
2016-05-27,0.004275031939287142,0.005464767850907114
2016-05-31,-0.0010164931632833324,0.01785389618125089
2016-06-01,0.0011233359787643285,0.0019145797990533845
2016-06-02,0.002813963787315289,0.007039101327206245
2016-06-03,-0.002922528943089485,-0.014012053494524123
2016-06-06,0.0048873605581332465,-0.005173245040843233
2016-06-07,0.0012789303786150989,0.0019360819803412902
2016-06-08,0.0033002411369057643,-0.0032471773743644
2016-06-09,-0.001727282368264777,0.025975436554271064
2016-06-10,-0.009184704992105303,-0.02491411818748765
2016-06-13,-0.008124913609567217,0.012760615036174452
2016-06-14,-0.0018093216434861567,0.0019128648840495968
2016-06-15,-0.0018508319175149638,0.010229040445943235
2016-06-16,0.0031232684772627664,0.00400236200306572
2016-06-17,-0.003267806689661345,-0.017465052615281893
2016-06-20,0.005798343986852829,0.017969210446395403
2016-06-21,0.0027015457350160793,-0.006107757552703593
2016-06-22,-0.0016621985827125684,-0.0008567894622612182
2016-06-23,0.013353165960653555,0.026667223749053892
2016-06-27,-0.018105827572924765,-0.010724341717262201
2016-06-28,0.017759847627320243,0.014578518615975084
2016-06-29,0.017022553522598446,0.0163294312058863
2016-06-30,0.013555203436241914,0.007707389456130666
2016-07-01,0.0019389594987159898,-0.0074547297390652875
2016-07-05,-0.006856921882594285,0.014778297408996338
2016-07-06,0.005342526733691038,0.006325463057189589
2016-07-07,-0.0008822921280639649,0.02601231962858024
2016-07-08,0.015242515963309155,0.04007927370891949
2016-07-11,0.0033977027755502363,0.022997989747919723
2016-07-12,0.0069975868651124045,0.014982373683014116
2016-07-13,0.00012294235820221468,-0.0003906377596974888
2016-07-14,0.005247180307974127,0.01021914205834575
2016-07-15,-0.0009407727180503658,-0.011639664617183455
2016-07-18,0.0023708664169041086,0.005111689214804997
2016-07-19,-0.0014474752396900397,0.010371057103875628
2016-07-20,0.004257800173526495,0.013066752244682556
2016-07-21,-0.003624552725944289,-0.01845525186745676
2016-07-22,0.0045419409033564855,0.027233305383311163
2016-07-25,-0.003023300521571838,0.01846260733452122
2016-07-26,0.00031056202219006897,0.01704944105242326
2016-07-27,-0.0012097722792088145,-0.010076446478152418
2016-07-28,0.0015974788634927108,0.0021316254160705962
2016-07-29,0.0016217854479978748,0.01636626222513507
2016-08-01,-0.00127923172917726,-0.006489045078440663
2016-08-02,-0.006372730592383794,-0.012174004594638625
2016-08-03,0.0031233083593559053,0.0026661978194154412
2016-08-04,0.00020273062001149406,0.018498688724073977
2016-08-05,0.008593575813040466,0.01693922471867374
2016-08-08,-0.0009170862027586213,0.00926836237556653
2016-08-09,0.0003781669518481146,0.0025421644162353387
2016-08-10,-0.0028755193308126594,-0.006463710971261871
2016-08-11,0.004723675313412944,0.020327645648817005
2016-08-12,-0.0008064828821408307,0.05593583378633646
2016-08-15,0.0027819965201198436,-0.000962365869132954
2016-08-16,-0.005490505590805646,-0.006045324236911716
2016-08-17,0.0018571610770924544,-0.023174545826176604
2016-08-18,0.0021883077892370256,0.015524153720305649
2016-08-19,-0.0014518983656033313,0.002565107900379672
2016-08-22,-0.0005744342683796014,0.00416480493729516
2016-08-23,0.0019396662306438725,0.008080355712887427
2016-08-24,-0.005252380027621877,-0.015430855629633228
2016-08-25,-0.0013773307992383235,-0.006631632370231593
2016-08-26,-0.0015909197693069468,0.008114161422620086
2016-08-29,0.005215944046823768,-0.000657135895630683
2016-08-30,-0.001966577309035259,-0.0058202967650768855
2016-08-31,-0.0023885626741296804,-0.00471802501447749
2016-09-01,-5.388453295341726e-05,0.029495084938224714
2016-09-02,0.004189017526778045,-0.009830064437238975
2016-09-06,0.002969654948064689,0.009423673315936984
2016-09-07,-0.00015948046154657422,-0.014746885919293412
2016-09-08,-0.0022362279155512883,0.00722253285918089
2016-09-09,-0.024535283252559666,-0.04982181709139317
2016-09-12,0.014663163859838598,0.020651640263296717
2016-09-13,-0.014844364735039119,-0.014499181972305132
2016-09-14,-0.0006001766501117041,0.008839840926752707
2016-09-15,0.0100982416171117,0.03790289708344241
2016-09-16,-0.003783128080859799,0.00238174287048708
2016-09-19,-2.80475054476534e-05,0.013198782479747767
2016-09-20,0.0002877096462134002,-0.009120790921660613
2016-09-21,0.010908313145899287,0.028046287153518246
2016-09-22,0.006493435221578358,0.002460382747881906
2016-09-23,-0.005743322082851168,-0.0010829429180471723
2016-09-26,-0.008594627878003688,-0.009398821950020394
2016-09-27,0.0064340510075823615,0.03418332171240605
2016-09-28,0.005286117504444936,0.0035964961663747788
2016-09-29,-0.009330736893988759,0.009274884089190657
2016-09-30,0.007957651771347158,0.016607091244355717
2016-10-03,-0.003272124100409209,-0.0010333362200461845
2016-10-04,-0.004968062270621086,-0.0022037432247884554
2016-10-05,0.004284270015528371,-0.0010374782125636892
2016-10-06,0.0004692581779009814,-0.013056419036014419
2016-10-07,-0.0032657849444080083,-0.00728891912202891
2016-10-10,0.00459368281744013,0.0037274530057775086
2016-10-11,-0.01245917000894692,-0.014468427790842233
2016-10-12,0.0011330969739463796,0.0045228885614746585
2016-10-13,-0.0031101764466104367,-0.016268659211118364
2016-10-14,0.00019009654239629235,0.009781882040936631
2016-10-17,-0.0030497003889891293,-0.005770141679171247
2016-10-18,0.006147189032361271,0.015228345897546451
2016-10-19,0.00217915355810486,-0.0021146567084293325
2016-10-20,-0.0013884223667938187,0.01894347940976504
2016-10-21,-9.664159995715752e-05,-0.002817856642074244
2016-10-24,0.0047374189070277595,0.046922579549723044
2016-10-25,-0.003810624611422112,0.016392354297305685
2016-10-26,-0.00175283227995334,0.00402276248347925
2016-10-27,-0.0029976394353481996,-0.020521082566572313
2016-10-28,-0.0031191326769314355,-0.0017085609028099193
2016-10-31,-0.00013398275651512725,0.008491710779223482
2016-11-01,-0.006800573952570812,-0.029665121100197235
2016-11-02,-0.006539190773555561,-0.0042138806149071084
2016-11-03,-0.0044376071885592755,-0.011648526409836976
2016-11-04,-0.001680337081846936,-0.005752886248596753
2016-11-07,0.02220806777742875,0.05474224300329419
2016-11-08,0.003755307788153356,-0.0015598696176298886
2016-11-09,0.011060433451164604,-0.016880160908534707
2016-11-10,0.0019325713467835497,-0.03132163174651275
2016-11-15,0.007461432338180624,0.030468438385397128
2016-11-16,-0.0016002396124458744,0.06309847423760212
2016-11-17,0.004659702942228833,0.008277645394599848
2016-11-18,-0.0024033857237789435,0.010482105042430651
2016-11-21,0.00744473395969702,-0.0040865597035108
2016-11-22,0.002146583066791431,0.007186613474564552
2016-11-23,0.0007887784005897031,0.004900189759513048
2016-11-25,0.003895339273048802,0.0020027558943712096
2016-11-28,-0.005272392773886889,-0.0005487776615474594
2016-11-29,0.0013167216358636869,-0.00915698269882373
2016-11-30,-0.002671975467459704,-0.011278470525852876
2016-12-01,-0.0035337035770906427,-0.04947592051530352
2016-12-02,0.0003789509502399976,0.009224357828595885
2016-12-05,0.005803329062417485,0.03876087940038525
2016-12-06,0.0033916423223851314,0.016415149722773956
2016-12-07,0.013143876285281892,0.01796990181186207
2016-12-08,0.0021398986025043466,-0.016744082963892133
2016-12-09,0.005918349867077723,-0.01777839889503331
2016-12-12,-0.00115727619040078,-0.024306606456183367
2016-12-13,0.006519020782257434,0.017615638105306773
2016-12-14,-0.008137925822280767,0.05789252206360398
2016-12-15,0.00386386287532457,0.02341256649561339
2016-12-16,-0.0017698686527971169,0.01720292521179549
2016-12-19,0.001956152448138726,0.012131130097352215
2016-12-20,0.003617155005558375,0.0348121508233521
2016-12-21,-0.0024773217748106494,0.00625570040699651
2016-12-22,-0.0018825372206594604,0.012075380072976254
2016-12-23,0.0012318740076936007,0.024907483996391932
2016-12-27,0.002228729854877489,0.06866303099666687
2016-12-28,-0.008376172033304706,-0.068805993542213
2016-12-29,-0.00031076502699511194,0.01993713164807654
2016-12-30,-0.00465609784640403,-0.04210812307139128
2017-01-03,0.008467726075166594,-0.0443322198791521
2017-01-04,0.00570171823270539,0.023310341685096284
2017-01-05,-0.0007908292141225499,-0.02540585357851999
2017-01-06,0.003496998901076896,0.013347718475433356
2017-01-09,-0.0035678403082004136,0.04052369936622273
2017-01-10,-1.9960318292890277e-05,-0.00757025388970546
2017-01-11,0.0028098763747222985,-0.012323672085293278
2017-01-12,-0.0021647693150525075,-0.016375832379943125
2017-01-13,0.0018294830992249312,-0.0001170898872983004
2017-01-17,-0.002987859833308288,-0.0224512391683761
2017-01-18,0.001743317550131999,0.018177834721945656
2017-01-19,-0.003629268673712284,0.02144666186887466
2017-01-20,0.0033471895360859803,-0.010954924583196414
2017-01-23,-0.0027088945989418778,0.010365069452683763
2017-01-24,0.006545030145572276,0.021295566108946
2017-01-25,0.008006923882543957,0.004266742882347049
2017-01-26,-0.0007547494870963232,0.017236140109323377
2017-01-27,-0.0008862257975273949,0.019314506859173686
2017-01-30,-0.00602918637502797,-0.01567637839386032
2017-01-31,-0.0009097466769853347,-0.007654937079936741
2017-02-01,0.00027852221980946275,0.043669429208329794
2017-02-02,0.0005509443237109281,0.012617654504761695
2017-02-03,0.007245393019065111,-0.00877228950701882
2017-02-06,-0.002135317304178054,0.025596300183825735
2017-02-07,0.0002059958533087147,0.015493742165676892
2017-02-08,0.0006724890531528682,-0.004385847841820279
2017-02-09,0.005731594068941667,-0.018822072666301506
2017-02-10,0.0035452961345155075,-0.02373643092757436
2017-02-13,0.005225091129662762,-0.0461391379383743
2017-02-14,0.003986105016863888,0.0036695724415771454
2017-02-15,0.004971674000020178,0.0020017707803633334
2017-02-16,-0.0008842767671434255,-0.016075306007006022
2017-02-17,0.0016583977979537326,-0.0002066612535938135
2017-02-21,0.0060280264784779635,0.03579106326756528
2017-02-22,-0.0011024382402677051,-0.0015533833767764898
2017-02-24,0.0014736022868412366,0.009632748861927333
2017-02-27,0.0009985386162936697,0.029056279912055775
2017-02-28,-0.002599130346375911,-0.028083262339771632
2017-03-01,0.013649449897583054,0.012884722770411038
2017-03-02,-0.005885475740936778,-0.0368968977079368
2017-03-03,0.000476774096340448,-0.0057846024903959745
2017-03-06,-0.0033052170378192083,-0.007749423585624738
2017-03-07,-0.0029425404352560287,0.01092630984399375
2017-03-08,-0.002312310403314268,-0.0018512360892570928
2017-03-09,0.000771601707786558,-0.0002310823086129108
2017-03-10,0.0032399003534830393,0.00585702109735381
2017-03-13,0.0003377439242539189,0.0275134139620691
2017-03-14,-0.0034089081287181707,-0.0007169990219419791
2017-03-15,0.008346379781749097,0.007536737040958447
2017-03-16,-0.0016548055076864982,0.01225871673216604
2017-03-17,-0.0013424100332673067,0.021742657174727772
2017-03-20,-0.002038068136171503,0.031837482678282646
2017-03-21,-0.012437853893840424,-0.03237342897271132
2017-03-22,0.001860203895295854,0.020364904210890333
2017-03-23,-0.0010899522020324395,-0.009097819216495983
2017-03-24,-0.000873678389618481,0.0035185673768075693
2017-03-27,-0.0010496668187038578,0.007228024893849579
2017-03-28,0.007220799750250306,-0.005203964595336286
2017-03-29,0.0010553644256590085,-0.003279687734155992
2017-03-30,0.002905030571133034,0.019160714153213437
2017-03-31,-0.002284333203035188,-0.0043251844097269175
2017-04-03,-0.0016714906217497891,-0.005078352842252138
2017-04-04,0.0005285701692211838,-0.07015510579414293
2017-04-05,-0.003085813578207656,-0.007472137975028951
2017-04-06,0.0018982395651654085,0.007266376747908169
2017-04-07,-0.0008587968678129955,-0.004299687148764731
2017-04-10,0.0006564166430060561,-0.025546767175991834
2017-04-11,-0.0014656253355011773,0.003548003457478996
2017-04-12,-0.003791419287833685,-0.008286556467919336
2017-04-13,-0.006846043434575608,-0.018734576984671722
2017-04-17,0.008581999733018666,0.03913470503704598
2017-04-18,-0.002935324307317871,0.0005732879814706445
2017-04-19,-0.0017475015740123728,0.0038964895140531967
2017-04-20,0.0075267078631890095,0.015820409191683062
2017-04-21,-0.003065350710867627,0.004117500210798746
2017-04-24,0.01080951340818084,0.012459377322814238
2017-04-25,0.0060586239835671175,0.017355130596963437
2017-04-26,-0.0005175685618481511,-0.006906491136369656
2017-04-27,0.0005217690094396815,0.015543133156368466
2017-04-28,-0.0019440994479772026,-0.012715525372994543
2017-05-01,0.0017011397168886827,0.022404018696873255
2017-05-02,0.0011555975650780136,-0.02966595264289249
2017-05-03,-0.0013050113246355335,0.007407271956259483
2017-05-04,0.0005481740717095658,-0.0038705620060761905
2017-05-05,0.00405425096473839,6.187802983166128e-05
2017-05-08,2.9221632777932466e-06,-0.010529684374046892
2017-05-09,-0.0010605660896651733,0.001618996942556659
2017-05-11,-0.0021969361093113963,0.04292089689726917
2017-05-12,-0.0015123699401577166,0.010954016150853755
2017-05-15,0.004742267617669993,0.05016501297690951
2017-05-16,-0.0007222144748931477,0.018578622782128993
2017-05-17,-0.01821293663665568,-0.06647733875832562
2017-05-18,0.0036513817750777966,0.041853223271258684
2017-05-19,0.006732261846774278,0.023059591527273826
2017-05-22,0.005125289879071941,0.021288734806632664
2017-05-23,0.0018016418344159882,-0.013499151292874503
2017-05-24,0.00245321385169567,0.011202177427690642
2017-05-25,0.004405916631369778,-0.002272968542754072
2017-05-26,0.00027443888381963814,0.025857225299274166
2017-05-30,-0.0012407356982768521,0.021325758350751588
2017-05-31,-0.0004976672140774219,-0.00362698769789229
2017-06-01,0.0075334935631355985,3.1739278954948356e-05
2017-06-02,0.00366991384981531,-0.005025385324464271
2017-06-05,-0.0012552842319821758,0.030385624922951163
2017-06-06,-0.0028170558386470886,-0.004564632962214301
2017-06-07,0.001529646116836638,0.012042218515685257
2017-06-08,0.00022859361777643114,0.07252019020001925
2017-06-09,-0.0008688781240614577,-0.06468782505472116
2017-06-12,-0.0010173742889783657,0.002434425082674265
2017-06-13,0.004472497241600212,0.009496289551115986
2017-06-14,-0.0010348387321346604,0.0020746849694184915
2017-06-15,-0.0022790029069032235,0.004244735476053166
2017-06-16,0.00024455206594553184,-0.004961394820408809
2017-06-19,0.008308141355720219,0.03755483972886741
2017-06-20,-0.006736042122766714,-0.0015013495499041373
2017-06-21,-0.0006210570882737199,0.015112183356312519
2017-06-22,-0.0004928058828578504,-0.0069349513023649004
2017-06-23,0.0015238917071766825,-0.02870385194702021
2017-06-26,0.000278777983982991,-0.010958208580630369
2017-06-27,-0.008112110600797745,-0.03664802383742804
2017-06-28,0.008768979072678814,0.03523194543942187
2017-06-29,-0.008639824834954792,-0.03345011127943792
2017-06-30,0.0014938270499552353,-0.014492684749081748
2017-07-03,0.0022711513098726765,-0.03621851587617706
2017-07-05,0.001412802834526329,0.02665862811649994
2017-07-06,-0.009408823821230143,0.0029661374033433455
2017-07-07,0.006363125485662376,0.022820289683339108
2017-07-10,0.0008875677994260746,0.047248061848813874
2017-07-11,-0.0008236726748871489,0.014142362639775303
2017-07-12,0.007265012397724568,0.04249252093774434
2017-07-13,0.0018343859007735209,-0.011608963857411987
2017-07-14,0.004633503078055941,0.02685375982988964
2017-07-17,-9.338902649263946e-05,-0.004284075730463243
2017-07-18,0.0005565875038571003,0.01037012007644809
2017-07-19,0.005329583799019569,-0.005225361231078004
2017-07-20,-0.00019782594987700623,0.014492429902666016
2017-07-21,-0.00041303037844788826,0.0035371497493193785
2017-07-24,-0.0011093697476685384,-0.011646378299073808
2017-07-25,0.002877814535216169,-0.004859959282405472
2017-07-26,0.00023921156595894998,0.011507797736296385
2017-07-27,-0.0010154660449465495,-0.03304499604849779
2017-07-28,-0.0013829012909965781,0.01634198869723683
2017-07-31,-0.0007699313210158525,-0.011477374559659552
2017-08-01,0.00240713084351522,0.012141729739732637
2017-08-02,0.0004509820541120901,-0.0006500933330438908
2017-08-03,-0.002225638311379525,0.01267180842281394
2017-08-04,0.0018473178163430932,0.004343751374434353
2017-08-07,0.0016062077267388012,0.03069844504446972
2017-08-08,-0.0024553058021346366,-0.011935447700338312
2017-08-09,-0.00040428327327928344,0.010587947026324884
2017-08-10,-0.014514838548463502,-0.04286225381680378
2017-08-11,0.0012353715630602658,-0.05333618369710218
2017-08-14,0.010003952956401161,0.0797242425697054
2017-08-15,-0.0005388078814910143,-0.008472226634091244
2017-08-16,0.0013810156137019597,-0.010998371592849113
2017-08-17,-0.015475761684181577,-0.0223216728371059
2017-08-18,-0.0018745736593126891,0.0001463289425979899
2017-08-21,0.0011243574201507181,-0.014589202191545131
2017-08-22,0.009901295660581302,0.02222311865180139
2017-08-23,-0.0034924816046188038,0.019955219564177104
2017-08-24,-0.002114065245943552,-0.003719106369387614
2017-08-25,0.0016333852291572494,-0.008393145505142127
2017-08-28,0.00044719110219396417,0.007041309657334102
2017-08-29,0.0008027423721092391,-0.0016765995152177742
2017-08-30,0.004575545758336897,0.005910442724160237
2017-08-31,0.005682166697507484,0.022655634141698522
2017-09-01,0.0019434533803779313,0.0059804259038154185
2017-09-05,-0.007589814825632749,-0.026731138147494997
2017-09-06,0.0030875362979900824,-0.0006438791906401252
2017-09-07,-0.0002190313614055753,0.004603476577511678
2017-09-08,-0.0015293268936377711,-0.017389892087081138
2017-09-11,0.010798823129057835,0.03239900356701514
2017-09-12,0.0033235511852835707,0.0035688649942797433
2017-09-13,0.0007167238937262032,0.004440936450040591
2017-09-14,-0.001141511266969833,-0.005734500508516219
2017-09-15,0.001807102123179289,0.06318314767524817
2017-09-18,0.001416238214482357,0.04126821891236667
2017-09-19,0.0010697986022753757,-0.001106797689315795
2017-09-20,0.0005938716261197364,-0.008100207314395145
2017-09-21,-0.003085917699057465,-0.027375526593035708
2017-09-22,0.0006079921348179346,-0.009776362546901564
2017-09-25,-0.0022616534585134344,-0.04473204316168706
2017-09-26,3.0777841580355e-05,0.005572561960163326
2017-09-27,0.0040439534713823146,0.02188199859495055
2017-09-28,0.0011637425814214528,-0.00032488398741984753
2017-09-29,0.0036643164307636894,0.017547741477412546
2017-10-02,0.003833805043865173,0.0012463880114722149
2017-10-03,0.002117766700050788,0.002026224715161978
2017-10-04,0.0012053312831718076,0.008321196086393935
2017-10-05,0.005605398481713831,-0.0005946550196700307
2017-10-06,-0.0011150232951722006,0.0028908266137833826
2017-10-09,-0.0018459021683445817,0.022517667809439524
2017-10-10,0.0022805471844237267,0.019053047334081648
2017-10-11,0.001761126345448949,0.010596629544072533
2017-10-12,-0.0017285386641121264,0.00042955952730841697
2017-10-13,0.0008364406507543864,0.018593906074069185
2017-10-16,0.0017088882371852974,0.017122739604111044
2017-10-17,0.0006299996220515223,-0.0009521731310055317
2017-10-18,0.0006999539548505074,-0.0009018769621946254
2017-10-19,0.00028573598752794767,0.0010709666481341542
2017-10-20,0.005074184006935997,-0.004592739958769457
2017-10-23,-0.00401494435926092,-0.001464154510671779
2017-10-24,0.001574336847634213,0.01043346446452855
2017-10-25,-0.004706025942556454,-0.025309908404263087
2017-10-26,0.0012280890745181734,0.01043950860417238
2017-10-27,0.0080304431347868,0.03148673975368949
2017-10-30,-0.003235129302837362,0.009766261667393535
2017-10-31,0.0008998951640505966,0.014525376078349646
2017-11-01,0.0015469514410598507,0.0018405093709053845
2017-11-02,0.00014480708027373346,-0.006126058751115627
2017-11-03,0.0030515198293431466,0.013308246087560533
2017-11-06,0.0012252988598228213,0.004457960393572946
2017-11-07,-0.00023624577857455397,0.011401524319398957
2017-11-08,0.0013962343630963979,-0.013582982913181314
2017-11-09,-0.003809625737234445,-0.018406616345847858
2017-11-10,-0.0009452629020630135,0.0526503120256668
2017-11-13,0.0009366105553192712,-0.016286435637012677
2017-11-14,-0.0023588156484705865,0.007240101099519707
2017-11-15,-0.005574485247832751,-0.019658378221604968
2017-11-16,0.008147248538674788,0.007714057543363538
2017-11-17,-0.002675169439558995,-0.0012309416917406122
2017-11-20,0.001226476531271652,0.01282004023936804
2017-11-21,0.006490425010259112,0.00915143728382863
2017-11-22,-0.000800459528737559,-0.0045431077591235065
2017-11-24,0.0020068887993391175,0.009396149333298947
2017-11-27,-0.0004327894888793353,-0.013046696003216805
2017-11-28,0.00979831430665942,-0.016067714560054656
2017-11-29,-0.00041914633776198165,-0.06786835160313077
2017-11-30,0.008141823448275692,0.021791850619625915
2017-12-01,-0.0020735387401895327,-0.015145375197805204
2017-12-04,-0.0011015614060145373,-0.0557958131501824
2017-12-05,-0.003790294258584653,0.005734726065142942
2017-12-06,-0.00016422470805744317,0.008046331859055005
2017-12-07,0.00288235798576127,0.01437445699501368
2017-12-08,0.005456584096596859,-0.002654119533424117
2017-12-11,0.003151838422933755,0.01650434812801326
2017-12-12,0.0014969379398906341,-0.019675566691278852
2017-12-13,-0.0005234729637594196,-0.024469200988955542
2017-12-14,-0.004121771925283929,0.0015066853452933297
2017-12-15,0.008923351451048838,0.02724584643993844
2017-12-18,0.005310624683297539,0.03304444153314975
2017-12-19,-0.003283959937837861,-0.00909871061221828
2017-12-20,-0.0008814646102652526,0.003464923204117094
2017-12-21,0.001933274866896294,-0.004676285702475159
2017-12-22,-0.0005096745833427799,-0.0032166996255355586
2017-12-26,-0.0011101215313140049,0.011061294885874325
2017-12-27,0.0007350679236201478,-0.0014236765338366372
2017-12-28,0.0017796336456018047,0.0011123243531355265
2017-12-29,-0.0052369229999920846,-0.019810759696957187
2018-01-02,0.008248678937004976,0.030177961792885337
2018-01-03,0.006344453689227266,0.06575954160619497
2018-01-04,0.003974271000949666,0.005217100996135101
2018-01-05,0.006979402363815287,0.008419551059888404
2018-01-08,0.001607582027070978,0.030586022549058036
2018-01-09,0.0012467808039542698,-0.00032640310723627575
2018-01-10,-0.0011675839703531076,0.007784686679796589
2018-01-11,0.006977971875718395,0.0017325902835459233
2018-01-12,0.006693650608253243,-0.004964988350890521
2018-01-16,-0.0035798447647723596,-0.012926447038536298
2018-01-17,0.00935890076861415,0.02088772731524394
2018-01-18,-0.00167214369728129,-0.0013016949858853802
2018-01-19,0.0043295605097777665,0.02520715796464982
2018-01-22,0.00801156776975663,0.015502787387268943
2018-01-23,0.0021182940516387117,0.022281378300820272
2018-01-24,-0.0006159280819106666,-0.013073642167577428
2018-01-25,0.0005473431238512038,0.002277079781111154
2018-01-26,0.011786117143227536,0.02947753040914004
2018-01-29,-0.006786537824950684,0.014411404803124266
2018-01-30,-0.01095536323743935,-0.0167873120568049
2018-01-31,0.00043223934341879514,0.01263285613918258
2018-02-01,-0.000705746980204635,-0.021620090711713325
2018-02-02,-0.021266087608399983,-0.029080460444196318
2018-02-06,0.01738187297186598,0.055532909648721804
2018-02-07,-0.005061707463990813,0.014214045416073632
2018-02-09,0.014875574336424967,0.06687577089177923
2018-02-12,0.013853672056954352,-0.01751195965939097
2018-02-13,0.0025506281569460765,0.020110609317088423
2018-02-14,0.013340950322630116,0.0377237073030517
2018-02-15,0.012007208002665274,0.020980169806733867
2018-02-16,0.00031116778286578316,-0.010853182633238746
2018-02-20,-0.005903810092457531,0.02142720670666145
2018-02-21,-0.0055603126535782674,-0.030455897334739863
2018-02-22,0.0009098606021289019,0.00320952010965843
2018-02-23,0.015964685873565768,0.015546398323683168
2018-02-26,0.011693205818411925,0.0025790211598285453
2018-02-27,-0.012771769395831788,-0.002173400684418613
2018-02-28,-0.01115999498962438,-0.016564360252671488
2018-03-01,-0.01338749478140706,-0.04051740358452556
2018-03-02,0.00500791226768467,0.018582873935481373
2018-03-05,0.010967542405760916,-0.0038269729475246595
2018-03-06,0.002573660193206092,0.027560331520185607
2018-03-07,-0.0005493509100961871,-0.0013867774887129272
2018-03-08,0.004398197255814707,-0.0027937550820956608
2018-03-09,0.01731395056692443,0.017142042623287345
2018-03-12,-0.0013391835420058541,0.01799208065499785
2018-03-13,-0.0064306400454230235,-0.008274880587891036
2018-03-14,-0.005792696553894046,0.004089880813265649
2018-03-15,-0.0008507003748224804,0.0023432783144489234
2018-03-16,0.001634478912442966,0.004503204774760644
2018-03-19,-0.014272766819143134,-0.03791596191533142
2018-03-20,0.0014120435466596318,0.03553212849441594
2018-03-21,-0.0019118470277217944,-0.004154769160082119
2018-03-23,-0.02103386483741208,-0.03678380965858572
2018-03-28,-0.002983919073099557,-0.01855805094200666
2018-03-29,0.013703448850452344,0.046195488138919896
2018-04-02,-0.02240420927320196,-0.045578273838224874
2018-04-03,0.012546889655969591,0.019384542513466746
2018-04-04,0.01150029226431924,0.0038833855916415704
2018-04-05,0.006796395405477798,-0.021548131222305176
2018-04-06,-0.021986915444427678,-0.032273843234481146
2018-04-09,0.0032700806442445807,0.0053483328697868345
2018-04-10,0.016659691876418165,0.05796111285162667
2018-04-11,-0.005592547020979305,-0.007394559186569144
2018-04-12,0.008183091332125957,0.036884197819961925
2018-04-13,-0.002954800093580419,-0.013282133865500496
2018-04-16,0.008041062193862332,-0.00011125401153391674
2018-04-17,0.010591861844766367,0.026065381624786575
2018-04-18,0.0007611277062005606,-0.004995745533030792
2018-04-19,-0.005796878658104204,-0.03108144538726478
2018-04-20,-0.00860657198258504,-0.001510602845009664
2018-04-23,-1.4522275824340995e-05,-0.021189423162659055
2018-04-24,-0.013452902909671107,-0.012042930333537928
2018-04-25,0.0017650357512292503,-0.020596553506983827
2018-04-26,0.010363371442358509,0.039437894021917067
2018-04-27,0.0010433867971085154,0.004858739274243675
2018-04-30,-0.008257451282349055,-0.006388562589461573
2018-05-01,0.002477220082507507,0.009888394209337629
2018-05-02,-0.007276696900366515,-0.003724886962400737
2018-05-03,-0.0023246266197689625,0.029446107056092623
2018-05-04,0.012740028170828312,0.025981446598404956
2018-05-07,0.0033867947085479697,0.040169904493650765
2018-05-08,-0.00033845878465925427,0.006843697647165484
2018-05-09,0.009609005968219207,0.021412202772555598
2018-05-10,0.009297429436655211,0.01693379904032508
2018-05-11,0.0016337860302798617,-0.02160178892793352
2018-05-14,0.000809878445439331,0.0031874568267571328
2018-05-15,-0.006916545041832228,-0.03845159575883059
2018-05-16,0.003986553741881293,0.0017584551170728537
2018-05-17,-0.0009298008936094671,0.006836438944222622
2018-05-18,-0.0027058060502847055,-0.0072191288955099145
2018-05-21,0.007312824424406316,-0.006986262845433211
2018-05-22,-0.0032108808375416443,-0.006380186925556112
2018-05-23,0.003174084494309166,0.020498521413393308
2018-05-24,-0.0020970230208752203,0.000532295820185326
2018-05-25,-0.002430752184214386,0.006345489675591913
2018-05-29,-0.011637203164993426,-0.002840697393610736
2018-05-30,0.01262126741295794,0.017625337014852197
2018-05-31,-0.006953766324282554,-0.003236496392638214
2018-06-01,0.010775103385143023,0.021457332782811964
2018-06-04,0.0044055904991109444,0.027990654686535176
2018-06-05,0.0006270770995680991,0.0007549554979365741
2018-06-06,0.008491995641278076,0.000226573310942517
2018-06-07,-0.0007889900548311952,-0.008560600021959863
2018-06-08,0.003051301214912408,-0.002432888182154777
2018-06-11,0.0009945806830985867,-0.006403300848724827
2018-06-12,0.001668464575354821,0.00744556952524774
2018-06-13,-0.004101326280529109,-0.0007606891369176738
2018-06-14,0.002396827555566651,0.017112826162403685
2018-06-15,-0.0010920233509038935,-0.0062567193785847755
2018-06-18,-0.00220084998534069,-0.0007155407051507176
2018-06-19,-0.004098719753092523,-0.018635233040088312
2018-06-20,0.0016372336539942289,0.008150492085847026
2018-06-21,-0.006420510515012303,-0.019898644321312112
2018-06-22,0.0017877281571402526,-0.02403310416820124
2018-06-25,-0.013798200721226601,-0.04721428608827126
2018-06-26,0.0021294579720939366,0.01192715335637526
2018-06-27,-0.00867895830323536,-0.02598476783889766
2018-06-28,0.0061040866850538365,0.02173108898977475
2018-06-29,0.000683800155586148,-0.016515575113505175
2018-07-02,0.0029927590002112934,0.02246571407532911
2018-07-03,-0.005024056974768111,-0.02236864790877331
2018-07-05,0.00854501003446082,0.024793325875375836
2018-07-06,0.008405686358307598,0.018875387656330646
2018-07-09,0.008746993825685098,0.007687061808629866
2018-07-10,0.0033964814688588678,0.015971220489151693
2018-07-11,-0.007170393340743658,-0.02266241563177252
2018-07-12,0.008672534739215178,0.014871139476902141
2018-07-13,0.0010027295592689794,-0.007679119042825221
2018-07-16,-0.0011050404872811647,-0.004569156096086494
2018-07-17,0.003895325613891499,0.02204080049959789
2018-07-18,0.002082734848667142,-0.007921956499874287
2018-07-19,-0.0040302947059642075,0.0012337550559409912
2018-07-20,-0.0010251540581069482,-0.004599880971117366
2018-07-23,0.001761859014650863,-0.005975268382853565
2018-07-24,0.004703133366629394,-0.002884393003955513
2018-07-25,0.009024105059605348,0.012628228244273532
2018-07-26,-0.003109478566049757,0.01171451409901986
2018-07-27,-0.006639391233887622,-0.01114286351703447
2018-07-30,-0.005831352836345889,-0.031384236356862986
2018-07-31,0.004805958956145014,0.00291119202903047
2018-08-01,-0.001118843591564634,0.006496973548121987
2018-08-02,0.004848468611580931,0.016759775220589784
2018-08-03,0.004566405230585577,0.005827731611901285
2018-08-06,0.0034601322112835105,0.007577329238637647
2018-08-07,0.0027444997209033553,0.011415054750129446
2018-08-08,-0.00034206250124507015,0.005641077300850346
2018-08-09,-0.0015212379611284994,-0.007663780855548788
2018-08-10,-0.007193252992916688,-0.006591211591632074
2018-08-13,-0.004085158852198254,0.005140832338613879
2018-08-14,0.00630858017440496,0.020651725193210586
2018-08-15,-0.007682323565159997,-0.009069184614078385
2018-08-16,0.007839448162959875,-0.006409866374134118
2018-08-17,0.0032439490553678807,-0.049100461047725995
2018-08-20,0.002348930471885061,0.012256661444448095
2018-08-21,0.0019877824587043614,0.022030067393634573
2018-08-22,-0.0004789057424418995,0.037421280266168325
2018-08-23,-0.0017719367280269846,0.015215003723467752
2018-08-24,0.006117569859233128,0.020080384766569658
2018-08-27,0.007588663398171806,0.013436892788224167
2018-08-28,0.00018681800631459885,-0.00559167807058602
2018-08-29,0.005618894450327888,0.015452023572828781
2018-08-30,-0.0045119957242932005,-0.002523561871610431
2018-08-31,5.29298868978072e-05,0.01024950434632726
2018-09-04,-0.0017363856421152128,0.010677256205699913
2018-09-05,-0.002886063188848564,-0.018694223098536543
2018-09-06,-0.0037348447655242535,-0.020555190924758698
2018-09-07,-0.0022962019722309926,-0.003236059376077271
2018-09-10,0.0018151680847763234,0.010474075177938517
2018-09-11,0.00365619071483664,-0.007108568708507787
2018-09-12,0.0002731401954214879,-0.016945902710484545
2018-09-13,0.005199198776767787,0.01162474405948689
2018-09-14,0.00019202946092025615,0.018675447253272776
2018-09-17,-0.005653373047857677,-0.009127590496553815
2018-09-18,0.0052846892471326064,-0.01070769367373286
2018-09-19,0.0011691457442939725,0.003458094331528358
2018-09-20,0.007756544278146169,-0.02104152429730114
2018-09-21,-0.00045277904006495916,-0.010712094483160177
2018-09-24,-0.0035999337888305495,0.00845624375790472
2018-09-25,-0.0013911278588301702,0.01011341809464899
2018-09-26,-0.0033749924030653474,-0.005636948832059864
2018-09-27,0.0026783664484745207,0.0017135031877827365
2018-09-28,-9.218758464067553e-05,0.050849606922004256
2018-10-01,0.0035555892465452005,0.029592142238479394
2018-10-02,-0.0004829997298215396,-0.010039174557845828
2018-10-03,0.0006254086327474536,0.0007865020721550761
2018-10-04,-0.008255593448490533,-0.02603408951394521
2018-10-05,-0.0056138914634023904,-0.033849985884087254
2018-10-08,-0.0004810293261057006,-0.015242128020970672
2018-10-09,-0.0015046100044788253,-0.0009519385871007997
2018-10-11,-0.02066090443933489,-0.04306868676461529
2018-10-12,0.014118181954709956,0.04843832124214323
2018-10-15,-0.005993471028731891,-0.045354948706983714
2018-10-16,0.021405917623859332,0.04430671102276783
2018-10-17,-0.0003423448774628908,-0.011357779707394171
2018-10-18,-0.014481406487920848,-0.014612421022711434
2018-10-19,-0.00045085243702759864,-0.04334111119520735
2018-10-22,-0.004389130719097315,0.008855481311537334
2018-10-23,-0.005602703011372077,-0.0440315833803406
2018-10-25,0.018534563863470983,0.04218375185883096
2018-10-26,-0.01741746245275241,-0.04603880302771798
2018-10-29,-0.006649282113004545,-0.06398595684425136
2018-10-31,0.010760935144024828,0.038481019146480895
2018-11-01,0.010467764328741304,0.03444024232024956
2018-11-02,-0.0064068847921729625,-0.014716241515158235
2018-11-05,0.005510317174067583,-0.014746263827087323
2018-11-06,0.006167629109774712,-0.003444303581987481
2018-11-07,0.02111718939970926,0.012842715157315348
2018-11-08,-0.002600305271425433,-0.036575504304185685
2018-11-09,-0.00929028354548095,-0.0016449194726069784
2018-11-13,-0.0015729911247695408,0.05145518110595844
2018-11-14,-0.007659672596956872,-0.010729221352980704
2018-11-15,0.010502086701870321,0.02627885494018241
2018-11-20,-0.01824389956413861,0.030176824346253264
2018-11-21,0.0029500367817068282,-0.02940635327407834
2018-11-23,-0.0066480169953037445,0.0019108696557832055
2018-11-26,0.015439392179019617,0.055424200936233944
2018-11-27,0.0031683191310826805,0.004349526505236628
2018-11-28,0.022881320912549154,0.04114867220589161
2018-11-29,-0.002274774755429739,-0.01603815279706171
2018-11-30,0.008079160246948219,0.03848230647318419
2018-12-03,0.010850632477162085,0.040354642802255286
2018-12-06,-0.0016156011606964177,0.007417408856797708
2018-12-07,-0.023412975904841028,-0.06756400419048901
2018-12-10,0.0016696936803022252,0.028699614196975747
2018-12-11,-0.00045039378342864075,-0.024261108794410062
2018-12-12,0.00532525764460377,0.0046968955230342994
2018-12-13,-0.00029370016162314476,-0.0001607807262405168
2018-12-14,-0.019180677810609618,-0.016482004602564774
2018-12-17,-0.020866337698675397,-0.01968997559212392
2018-12-18,-5.980369000973827e-06,0.02330922301281661
2018-12-19,-0.01548849231692223,-0.05746317837156251
2018-12-20,-0.01586476505909615,-0.024711734163731267
2018-12-21,-0.020680688624147077,-0.041025087022686375
2018-12-27,0.008469506179079564,-0.014593669500730525
2018-12-28,-0.001333963463202431,0.01881418627225055
2018-12-31,0.00840121429203172,-0.001213427915790657
2019-01-02,0.0011746477183967809,0.020280338084211
2019-01-03,-0.024850182776746495,-0.06051020299375492
2019-01-07,0.006917061835759191,0.05284722011353699
2019-01-08,0.009600046924336407,-0.024990703982627656
2019-01-09,0.004003204176528028,0.01957199198519902
2019-01-10,0.004424172751185212,0.018491900264174892
2019-01-11,-0.00024034545641565027,0.024694291299779687
2019-01-14,-0.005351175957385944,0.010723942813608603
2019-01-15,0.010627125134969441,-0.003883262527293761
2019-01-16,0.0021282156501767017,-0.006966546470357915
2019-01-17,0.007497948000501801,0.019256280047968814
2019-01-18,0.013089878443827549,0.03424628624695477
2019-01-22,-0.014250361721257557,-0.0520908651023186
2019-01-23,0.002109539761302409,0.003401991829353251
2019-01-24,0.0012842572977462556,0.057179497331816015
2019-01-25,0.008396313105608106,0.014542780802073425
2019-01-29,-0.0015500957842711559,-0.046539941286772336
2019-01-30,0.015455411713016641,0.043903341213997825
2019-01-31,0.008504538809274166,0.046198517561697475
2019-02-01,0.0008057529536926847,0.006724728770978195
2019-02-04,0.0066835778857315085,0.03065430370292013
2019-02-05,0.004614571170247071,0.005067515280197853
2019-02-06,-0.002318287187008584,0.02024629274366848
2019-02-07,-0.009450592525649445,-0.0365639346968703
2019-02-08,0.0005823518802284478,0.004993507329915735
2019-02-11,0.0006148570668856708,-0.011702529601591478
2019-02-12,0.012795859663775848,0.032134990355010565
2019-02-13,0.0029298280058027548,0.01121768065495486
2019-02-14,-0.002745808218059158,0.010698675591965785
2019-02-15,0.010784704994080638,0.018090033722123984
2019-02-19,0.0014045766584909033,-0.004543205157569801
2019-02-20,0.0016825472657922018,0.012099204631229822
2019-02-21,-0.00362147647266307,-0.017629027531479307
2019-02-22,0.006316142081992179,0.021860453253620644
2019-02-25,0.0011369022569165577,-0.003235870549566292
2019-02-26,-0.0008856951959223608,-0.010114760803457142
2019-02-27,-0.0006390097007250384,-0.01085224548302153
2019-02-28,-0.0029200718031909805,-0.006471588359913459
2019-03-01,0.0068009555132366875,0.014102581936882312
2019-03-04,-0.00397480452426004,0.0020150429417641167
2019-03-05,-0.001226770922128702,-0.0017535763246832663
2019-03-06,-0.006619535160393562,-0.02865433183555651
2019-03-07,-0.00822075724046632,-0.018444019289859486
2019-03-08,-0.002226649161736186,0.009150590682162304
2019-03-11,0.014571597418771357,0.06960805919985259
2019-03-12,0.002858278522837616,0.008469006223553194
2019-03-13,0.006854821908625773,0.037439013434782654
2019-03-14,-0.0009627842872348092,-0.018241681726232053
2019-03-15,0.004890140995057944,0.02557534185727642
2019-03-18,0.0036113040445003857,-0.00515914144437335
2019-03-19,-0.00022599806282604768,0.03991643122258052
2019-03-20,-0.003039909159700693,-0.007550948240838062
2019-03-21,0.010756925494701598,0.05460615980073309
2019-03-22,-0.019069659969717163,-0.03510648896553354
2019-03-25,-0.0009338619324797649,-0.021052408403128133
2019-03-26,0.007087289355505101,0.017685493680419752
2019-03-27,-0.004738689970889317,-0.002186587026854466
2019-03-28,0.003495433914884779,0.004155425730665804
2019-03-29,0.006641899062258022,0.012939937465270264
2019-04-01,0.01147641758640939,0.015056046066933679
2019-04-02,-7.659190729907601e-05,0.003855678848471441
2019-04-03,0.002054210218766379,0.030616465959681243
2019-04-04,0.00199058746517384,-0.002002581553145525
2019-04-05,0.004542385155734748,0.014194687795072112
2019-04-08,0.0009536107471928779,0.004305057262298094
2019-04-09,-0.006161343600574222,-0.013285143959580283
2019-04-10,0.0033841017260389464,0.014912000128926206
2019-04-11,-5.57261397193042e-05,-0.003009064131220408
2019-04-12,0.006515078176856464,-0.008082160832535452
2019-04-15,-0.0007230198979695884,-0.02803960251589972
2019-04-16,0.00041499292369697,0.018909503261024044
2019-04-17,-0.0023682562343096823,-0.004982603935457006
2019-04-18,0.0014852430727821599,-0.005379793484253027
2019-04-22,0.0009177715297253693,0.011553784885070289
2019-04-23,0.008746364514404945,0.011577838634634494
2019-04-24,-0.002286009206479717,0.002528164168205876
2019-04-25,-0.00046282285947344505,-0.0223775212255544
2019-04-26,0.004591641351275701,-0.047282160173111105
2019-04-29,0.0009778713848674254,0.006869025602753533
2019-04-30,0.0008574487539070283,0.00921843927429755
2019-05-01,-0.007595932919360926,-0.0030218111146737333
2019-05-02,-0.0022181524547321297,0.014977675925056595
2019-05-03,0.009544311125468495,-0.001076835335590112
2019-05-06,-0.004564758266695923,-0.01736034615628238
2019-05-07,-0.016605619647602658,-0.03756970644634183
2019-05-08,-0.0016994729277758833,0.00458500851974459
2019-05-09,-0.0031154725570029995,-0.021540654160958343
2019-05-10,0.0036262496452815285,-0.00814378620366645
2019-05-13,-0.02422381116331382,-0.06151969298511947
2019-05-14,0.007922571530214422,0.022563586388231364
2019-05-15,0.005745721110172603,-0.01527458486539232
2019-05-16,0.008802509340476385,0.0037296048181031946
2019-05-17,-0.005929793665194755,-0.02294020535705133
2019-05-20,-0.006841441404802385,-0.030629374774167852
2019-05-21,0.00840337527601553,0.02171978330656143
2019-05-22,-0.0029164597200638477,-0.018536624773627965
2019-05-23,-0.012005538833099431,-0.03215439449483462
2019-05-24,0.0012627653522080094,-0.01482062688461608
2019-05-28,-0.008466867402997303,-0.012629865253906537
2019-05-29,-0.007003102736861901,-0.02095231518605746
2019-05-30,0.0020068047262657577,-0.0077245957961606234
2019-05-31,-0.013286364871289357,-0.026329249595500138
2019-06-03,-0.0028557165038140915,-0.012492682684556592
2019-06-04,0.02134129913659417,0.06882810647311506
2019-06-05,0.008071180174831376,-0.012118718062910712
2019-06-06,0.006046102617162205,0.017605911867797027
2019-06-07,0.010409800640903905,0.011874828734125481
2019-06-10,0.0045719492276792536,0.020049400339808867
2019-06-11,-0.0004376976982447146,0.015542226056800485
2019-06-12,-0.0021234918356215302,-0.03026829045080235
2019-06-13,0.004012461273584675,0.014005506774506292
2019-06-14,-0.0016958373009651698,-0.024500832626157258
2019-06-17,0.0008469079709352279,0.0026114582759246816
2019-06-18,0.009631368125282475,0.05404051341290277
2019-06-19,0.0029008381495717103,0.001485697603911101
2019-06-20,0.009389724870500054,0.006317644818716667
2019-06-21,-0.0013407704142160467,-0.015266524566218636
2019-06-24,-0.0018135536806151164,0.0058487381989650025
2019-06-25,-0.009579056071697963,-0.007812141168052408
2019-06-26,-0.0013169893086898321,0.051276803682926426
2019-06-27,0.003740437457379944,0.024845150281389554
2019-06-28,0.005676698656249883,0.0060453490729989335
2019-07-01,0.007590356585473091,0.011731215314204358
2019-07-02,0.0028428877921094103,-0.023796020235380837
2019-07-03,0.007587061208968252,0.003119948698570367
2019-07-05,-0.0018917349359822058,-0.015569671149197653
2019-07-08,-0.00492187299521045,-0.01893460632703252
2019-07-09,0.0011494537933860061,0.0005492586395769595
2019-07-10,0.0044261657935274834,0.017396675055943424
2019-07-11,0.00220197276813809,0.03877718359809783
2019-07-12,0.004537238043354353,0.007915495397178706
2019-07-15,9.313109480556775e-05,-0.002110973152267057
2019-07-16,-0.003487230900186406,-0.0012196502404301095
2019-07-17,-0.006613505472396278,0.015659009865606952
2019-07-18,0.003502116831229678,0.002689537076008479
2019-07-19,-0.006256615475601763,-0.01030428994542722
2019-07-22,0.002748337768425089,0.017017568215032308
2019-07-23,0.006766808070883607,0.025252034506052973
2019-07-24,0.004607195573451575,0.016997532817984443
2019-07-25,-0.0053441473099289,-0.029635277115782472
2019-07-26,0.007305826021307762,0.00966571985052618
2019-07-29,-0.0016974638115915066,-0.0015093525561886503
2019-07-30,-0.0026596072942661727,0.0035226919540337657
2019-07-31,-0.010966081667116006,-0.03843910054051604
2019-08-01,-0.00907934942409329,-0.022602856821410514
2019-08-02,-0.007362105006402953,-0.0226965033794005
2019-08-06,0.012937850503076755,0.010266345278200063
2019-08-07,0.0006887809929383578,0.0100300877277313
2019-08-08,0.018684128805674265,0.02831874906540887
2019-08-09,-0.006693987309196723,-0.025858011286587754
2019-08-12,-0.01239383011342051,-0.01778269969636933
2019-08-13,0.015054108955398902,0.030295314990678023
2019-08-15,0.0023911331048600535,-0.008735853957105967
2019-08-16,0.014353783389783157,0.07245586626291095
2019-08-19,0.01203233374462022,0.07024454899410239
2019-08-20,-0.007990124425582041,-0.017114736445152975
2019-08-21,0.008170290660131342,0.019938901103454566
2019-08-22,-0.0005829796206428572,0.0013835712476074037
2019-08-26,0.010906281387258842,0.018452747028384998
2019-08-27,-0.00328028380878414,-0.022137719633767143
2019-08-28,0.0064684960364249046,-0.002675305363568252
2019-08-29,0.012610307664254023,0.03577483278289744
2019-08-30,0.0005660809111642121,0.0029767792251035757
2019-09-03,-0.006974894158529943,-0.020014621535569124
2019-09-04,0.010766483975868182,0.02788312723236083
2019-09-05,0.012933623167779235,0.06498653515779385
2019-09-06,0.0008348115042606567,-0.006139934461561159
2019-09-09,-0.0001697245450700266,0.010279615859861924
2019-09-10,0.0002463916569012215,0.014771624520992463
2019-09-11,0.007153768491559584,0.0062023371508747125
2019-09-12,0.0028039546891194876,-0.0004008295093370018
2019-09-13,-0.000799811186545414,-0.012719968693281443
2019-09-16,-0.0032127692057667924,-0.009585863976024286
2019-09-17,0.002504847609553104,0.004695587004095055
2019-09-18,0.00026808881534160785,-0.006094623409082364
2019-09-19,-5.4747501444006634e-05,-0.01696563455276194
2019-09-20,-0.004968989215141899,-0.024092771850959722
2019-09-23,-0.00017015020608726294,0.012376965351662748
2019-09-24,-0.00849097449652044,-0.013286616116122882
2019-09-25,0.006085357455153793,0.032964509454495444
2019-09-26,-0.002499154501346922,-0.005063813328756671
2019-09-27,-0.005385003284648217,-0.031533359861561604
2019-09-30,0.004977368580773513,0.013378465264715578
2019-10-01,-0.012327936865809309,-0.0004717485700351371
2019-10-02,-0.017972052192419832,-0.0055860571639793225
2019-10-03,0.007905841169957581,0.04772641994919564
2019-10-04,0.01415122298342091,0.003574450831030298
2019-10-07,-0.00454468356161087,0.012902930764294822
2019-10-08,-0.015626493803447116,-0.03858382021819424
2019-10-09,0.009039889374505753,0.01957083538277229
2019-10-10,0.006350893793052127,0.01277361903327904
2019-10-11,0.010874572750206441,0.016107778821633296
2019-10-14,-0.0014513250838684624,0.0028391837235476423
2019-10-15,0.009891470290719915,0.052688690252586164
2019-10-16,-0.002063630100616632,-0.01106376182449711
2019-10-17,0.002698347446693944,0.0003476030938023231
2019-10-18,-0.003983829076491092,-0.01962296896115135
2019-10-21,0.006807131929133397,0.02891323847346427
2019-10-22,-0.003632753680378321,-0.002104624474598605
2019-10-23,0.0027830614951527047,-0.002722307597417007
2019-10-24,0.001856041595806674,0.00900826213472274
2019-10-25,0.0040082163791250675,0.03894796654743792
2019-10-28,0.00551764739152412,0.010936523899946775
2019-10-29,-0.0008956989667280891,-0.018777969336659376
2019-10-30,0.0031900765072167526,0.00033110542780650837
2019-10-31,-0.003082305008770935,-0.009813197028913478
2019-11-01,0.009603383596149824,0.007751259508605397
2019-11-04,0.003644446191729221,0.03898475787375933
2019-11-05,-0.0012459373098642958,-0.004288289963247669
2019-11-06,0.0006423781809153964,-0.009506289789449337
2019-11-07,0.002669857089647323,0.0033592663435669046
2019-11-08,0.0025007554554821124,-0.0027477877843626927
2019-11-11,-0.0020225069344251565,0.0018651847228342833
2019-11-12,0.0015038127516015579,0.00680816069296259
2019-11-13,0.0006506218937502411,-0.005022538657033466
2019-11-14,0.0007764078188430806,0.005788814798422912
2019-11-15,0.007634853086381285,-0.026753982297616
2019-11-18,0.00044271635375474594,0.039559424715336064
2019-11-19,-0.0006531103182758415,-0.020269494010878943
2019-11-20,-0.003816501705307772,0.015276720043988069
2019-11-21,-0.0016434664952641156,-0.004796058200047663
2019-11-22,0.002113705533142797,0.0033167874971471124
2019-11-25,0.007445981830909332,0.048874589999255036
2019-11-26,0.002133467210591601,-0.0190941658087167
2019-11-27,0.004112321185880786,0.006394519820655088
2019-11-29,-0.004072330819523582,-0.006934366810802681
2019-12-02,-0.008692052461948194,-0.03461858910666009
2019-12-03,-0.006699126861175061,-0.0076597260894600136
2019-12-04,0.006264123025928382,0.008416165006978726
2019-12-05,0.0014410051461731719,-0.003306379312374216
2019-12-06,0.009076994168970285,0.016373130330570695
2019-12-09,-0.003222265838912718,-5.9444445466238355e-05
2019-12-10,-0.001157053143500005,0.0084708162553967
2019-12-11,0.0028478405807552797,0.015642313875626326
2019-12-12,0.008514511490507222,0.030904317180582095
2019-12-13,1.2145276132735289e-05,-0.00041760122017282553
2019-12-16,0.007087269407763851,0.0051182136497748484
2019-12-17,0.0002745779417590318,0.013885676410841293
2019-12-18,-0.0004925382673678016,0.005283930936838024
2019-12-19,0.004398458671833034,0.025864044947756022
2019-12-20,0.004884146161275246,0.016545211500795184
2019-12-23,0.0008058261406516232,-0.0023582639004396822
2019-12-24,-0.0002564799455194021,-0.0008983545641983303
2019-12-26,0.005067253978212987,0.002327641759577819
2019-12-27,-2.6253378377658762e-05,-0.009759343413045372
2019-12-30,-0.005839949434935749,-0.019268148079065666
